Brewery,County
12 Bar Brewing ,Kent
1648 Brewing ,East Sussex
3 Brewers ,Hertfordshire
360 Degree Brewing ,East Sussex
40 foot Brewery,London
4Ts Brewery ,Cheshire
8 Sail Brewery ,Lincolnshire
Abbey Ales Brewery ,Somerset
Abbey Ford Brewery ,Surrey
Abbeydale Brewery ,South Yorkshire
Acorn Brewery,South Yorkshire
Adnams Brewery,Suffolk
Aeronaut Brewery ,London
Ales of Scilly ,Cornwall
Alfreds Brewery ,Hampshire
Allendale Brewery ,Northumberland
Allgates Brewery ,Lancashire
All Saints Brewery ,Lincolnshire
Almasty Brewing Co ,Tyne and Wear
Alphabet Brewing Company,Manchester
Amber Ales,Derbyshire
Ambridge Brewery ,Worcestershire
Anarchy Brew Co ,Northumberland
Andwells Brewery ,Hampshire
Angel Ales ,Worcestershire
Anspach  Hobday Brewery ,London
Arbor Ales ,Avon
Arkells Brewery ,Wiltshire
Arundel Brewery ,West Sussex
Ascot Ales ,Surrey
Ashover Brewery,Derbyshire
Ashley Down Brewery,Avon
Ashton Gate Brewery Co,Avon
Atlantic Brewery ,Cornwall
Atom Beers,East Yorkshire
Atomic Brewery ,Warwickshire
Austendyke Ales,Lincolnshire
Aylesbury Brewhouse ,Buckinghamshire
Backyard Brewhouse (the),West Midlands
Bad Seed Brewery,North Yorkshire
Ballards Brewery ,West Sussex
Banks  Tayor Brewery ,Bedfordshire
Bank Top Brewery ,Lancashire
Bankss ,West Midlands
Bare Arts Brewery,Lancashire
Barnet Brewery ,London
Barngates Brewery ,Cumbria
Barrow Green Brewery ,Surrey
Barum Brewery,Devon
Batemans Brewery ,Lincolnshire
Bath Ales ,Avon & Somerset
Battledown Brewery ,Gloucestershire
Battlefield Brewery ,Shropshire
Beachy Head Brewery ,East Sussex
Bear Claw Brewery ,Northumberland
Beartown Brewery ,Cheshire
Beavertown Brewery ,London
Bedlam Brewery ,West Sussex
Beerblefish Brewing Company,London
Beeston Brewery,Norfolk
Bell Street Brewery ,Oxfordshire
Belleville Brewing ,London
Belvoir Brewery ,Leicestershire
Bespoke Brewery ,Gloucestershire
Bewdley Brewery ,Worcestershire
Bexley Brewery ,Kent
Big Lamp Brewers,Tyneside
Big Smoke Brew ,London
Billericay Brewing ,Essex
Binghams Brewery ,Berkshire
Birds Brewery ,Worcestershire
Bishop Nick ,Essex
Bitter End (the) ,Cumbria
Black Hill Brewery ,Durham
Black Paw Brewery ,Durham
Black Hole Brewery ,Staffordshire
Black Sheep Brewery ,North Yorkshire
Blackjack Brewery ,Manchester
Blindmans Brewery ,Somerset
Bloomsbury Brewery ,London
Blue Anchor Brewery ,Cornwall
Blue Bee Brewery ,South Yorkshire
Blue Monkey Brewery ,Nottinghamshire
Blueball Brewery ,Cheshire
Bollington Brewing ,Cheshire
Bournemouth Brewery ,Dorset
Bowland Brewery ,Lancashire
Bowman Ales ,Hampshire
Box Steam Brewery ,Wiltshire
Brakspear Brewery,Oxfordshire
Brampton Brewery,Derbyshire
Branscombe Vale Brewery,Devon
Brass Castle Brewery ,North Yorkshire
Brentwood Brewing ,Essex
Brew Buddies ,Kent
Brew by Numbers ,London
Brew Company,Sheffield
Brewhouse and Kitchen,Various
Brewsters Brewing Company,Lincolnshire
Briarbank Brewing ,Suffolk
Brick Brewery ,London
Brighton Bier ,East Sussex
Brightside Brewing ,Manchester
Brightwater Brewery ,Surrey
Brimstage Brewery ,Merseyside
Bristol Beer Factory ,Avon & Somerset
Brixton Brewery ,London
Brockley Brewery ,London
Brown Cow Brewery ,North Yorkshire
Bude Brewery ,Cornwall
Bullfinch Brewery ,London
Buntingford Brewery,Hertfordshire
Burning Sky Brewery ,East Sussex
Burrington Brewery ,Devon
Burton Bridge Brewery ,Staffordshire
Butcombe Brewery,Avon & Somerset
Butts Brewery ,Berkshire
Byatts Brewery ,West Midlands
By the Horns Brewing ,London
Callowtop Bad Ram Brewery ,Derbyshire
Calvors Brewery ,Suffolk
Camden Town Brewery ,London
Camerons Brewery,Durham
Cannon Royall Brewery ,Worcestershire
Canopy Beer ,London
Canterbury Ales (the) ,Kent
Canterbury Brewers ,Kent
Captain Cook Brewery ,North Yorkshire
Castle Rock Brewery ,Nottinghamshire
Cathedral Heights Brewery ,Lincolnshire
Caveman Brewery ,Kent
Caythorpe Brewery ,Nottinghamshire
Cerne Abbas,Dorset
Chalk Hill Brewery ,Norfolk
Chantry Brewery,South Yorkshire
Charles Wells ,Bedfordshire
Charnwood Brewery ,Leicestershire
Cheddar Ales ,Somerset
Chiltern Brewery ,Buckinghamshire
Chorlton Brewing ,Manchester
Church End Brewery ,Warwickshire
City of Cambridge Brewery ,Cambridgeshire
Clarkshaws Brewery ,London
Cliff Quay Brewery ,Suffolk
Cloudwater Brew ,Manchester
Clun Brewery,Shropshire
Coach House Brewing ,Cheshire
Coastal Brewery ,Cornwall
Cobra Beer,Staffordshire
Colchester Brewery ,Essex
Compass Brewery,Oxfordshire
Concrete Cow Brewery ,Buckinghamshire
Coniston Brewery ,Cumbria
Conset Ale Works ,Durham
Copper Dragon ,North Yorkshire
Copper Kettle Craft Brewery ,Northamptonshire
Cornish Crown Brewery ,Cornwall
Corvedale Brewery ,Shropshire
Cotleigh Brewery ,Somerset
Cotswold Brewing Company ,Gloucestershire
Cotswold Lion ,Gloucestershire
Cotswold Spring Brewing Co ,Gloucestershire
Cottage Brewing ,Somerset
Country Life Brewery,Devon
Crate Brewery ,London
Cronx Brewery ,London
Crooked Brook Beer Co ,Sussex
Crouch Vale Brewery ,Essex
Cullercoates Brewery,Tyne & Wear
Cumbrian Legendary Ales,Cumbria
Daleside Brewery,North Yorkshire
Dancing Duck Brewery ,Derbyshire
Daniel Batham and Son,West Midlands
Daniel Thwaites Brewery,Lancashire
Dark Star Brewery ,West Sussex
Dartmoor Brewery,Devon
Darwin Brewery ,Tyne & Wear
Dawkins Ales ,Somerset
Decent Brewery ,Surrey
Derby Brewing Co ,Derbyshire
Derventio Brewery ,Derbyshire
Deva Craft Beer ,Cheshire
Dickensian Brewery,Shropshire
Donnington Brewery,Gloucestershire
Dorking Brewery,Surrey
Dorset Brewing Company ,Dorset
Double Maxim Beer Company,Northumbria
Dove Street Brewery ,Suffolk
Dow Bridge Brewery ,Leicestershire
Downton Brewery ,Wiltshire
Dragonfly Brewery ,London
Driftwood Spars Brewery ,Cornwall
Durham Brewery ,Durham
Earl Soham Brewery ,Suffolk
East London Brewing ,London
Eight Arch Brewing,Dorset
Electric Bear Brewing ,Avon
Elgoods Brewery ,Cambridgeshire
Elland Brewery ,West Yorkshire
Elliswood Brewery ,Leicestershire
Emmanuales ,South Yorkshire
Empire Brewing ,West Yorkshire
Essex Street Brewing ,London
Everards Brewery,Leicestershire
Exe Valley Brewery,Devon
Exeter Brewery,Devon
Exmoor Brewery ,Somerset
Falstaff Brewery ,Derbyshire
Fat Cat Brewery,Norfolk
Felstar Brewery ,Essex
Fenland Brewery ,Cambridgeshire
Fentimans,Northumberland
Firebrand Brewing,Cornwall
Firebrick Brewery ,Tyne and Wear
First chop Brewing Arm ,Manchester
Five Points Brewing ,London
Flack Manor Brewery ,Hampshire
Flipside Brewery,Nottinghamshire
Florence Brewery ,London
Flowerpots Brewery ,Hampshire
Force Brewery ,Gloucestershire
Forge Brewery,Devon
Four Candles,Kent
Fourpure Brewing ,London
Four Thieves ,London
Franklins Brewery ,East Sussex
Freedom Brewery,Staffordshire
Freeminer Brewery ,Gloucestershire
Frensham Brewery ,Surrey
Friday Beer Co (the) ,Worcestershire
Front Row Brewing ,Cheshire
Fullers Brewery ,London
G2 Brewing ,Kent
Gadds Ramsgate Brewery ,Kent
Gas Dog Brewery ,Leicestershire
Geipel Brewery,Manchester
George Samuel Brewing ,Durham
Georges Brewery ,Essex
Gipsy Hill Brewing ,London
Glastonbury Ales,Somerset
Goachers Brewery ,Kent
Goddards Brewery ,Isle of Wight
Godstone Brewers (the) ,Surrey
Goffs Brewery ,Gloucestershire
Golden Duck Brewery ,Leicestershire
Goody Ales ,Kent
Goose Eye Brewery,Yorkshire
Goosnargh Brewery ,Lancashire
Grafton Brewing ,Nottinghamshire
Grain Brewery,Norfolk
Grainstore Brewery ,Rutland
Great Central Brewery ,Leicestershire
Great Gable Brewing Co Ltd ,Cumbria
Great Heck Brewing,North Yorkshire
Great Newsome Brewery,East Yorkshire
Great Oakley Brewery,Northamptonshire
Great Western Brewing Company,Gloucestershire
Great Yorkshire Brewery ,Yorkshire
Greene King Brewery,Suffolk
Greenfield Real Ale Brewery ,Manchester
Gribble Inn and Brewery ,West Sussex
Gun Dog Ales,Northants
H.B. Clark ,West Yorkshire
Hackney Brewery ,London
Hadrian Border Brewery ,Tyne & Wear
Half Moon Brewery ,North Yorkshire
Halfpenny Brewery ,Gloucestershire
Hall  Woodhouse,Dorset
Hambleton Ales ,North Yorkshire
Hammerpot Brewery ,West Sussex
Hammerton Brewery ,London
Hanlons Brewery,Devon
Happy Valley Brewery ,Cheshire
Harbour Brewing ,Cornwall
Hardknott Brewery,Cumbria
Harrowgate Brewing Co (the),Durham
Hart of Stebbing Brewery ,Essex
Harveys Brewery ,Sussex
Harwich Town Brewery ,Essex
Hastings Beer Co ,East Sussex
Hawkshead Brewery ,Cumbria
Hedgedog Brewery ,Surrey
Hepworth Brewery ,West Sussex
Hereford Brewery ,Herefordshire
Hereward Brewery ,Cambridgeshire
Hesket Brewery ,Cumbria
Hexamshire Brewery ,Northumberland
High House Farm Brewery,Tyne & Wear
High Weald Brewery ,West Sussex
Higsons Brewery,Liverpool
Hobsons Brewery,Worcestershire
Hogs Back Brewery ,Surrey
Holdens Brewery,West Midlands
Honest Brew ,London
Hook Norton Brewery ,Oxfordshire
Hop Art Craft Beer ,Hampshire
Hop  Stagger Brewery ,Shropshire
Hop Back Brewery ,Wiltshire
Hop Kettle Brewery,Wiltshire
Hop Fuzz Brewery ,Kent
Hop Studio (the) ,North Yorkshire
Hop Stuff Brewery ,London
Hop Yard Brewing Co ,East Sussex
Hopdaemon Brewery Co ,Kent
Hops  Glory ,London
Howard Town Brewery ,Derbyshire
Humpty Dumpty Brewery,Norfolk
Hunters Brewery ,Devon
Hydes Brewery ,Manchester
Idle Valley Brewery ,Nottinghamshire
Ilkley Brewery ,West Yorkshire
Irving Brewers ,Hampshire
Isca Ales,Devon
Isfield Brewing ,East Sussex
Isla Vale Alesmiths ,Kent
Isle of Purbeck Brewery ,Dorset
Itchen Valley Brewery ,Hampshire
J.W. Lees Brewery,Manchester
James Street Brewery ,Avon
Jennings Brewery,Cumbria
John Smiths Brewery ,North Yorkshire
Jolly Sailor Brewery ,East Yorkshire
Jones the Brewer ,Herefordshire
Joseph Holt Brewery,Manchester
Joules Brewery ,Shropshire
Kelham Island Brewery ,Yorkshire
Kennet  Avon Brewery ,Wiltshire
Keltek Brewery ,Cornwall
Kent Brewery ,Kent
Kernel Brewery (the) ,London
Keswick Brewery ,Cumbria
Kew Brewery ,London
Keystone Brewery ,Wiltshire
King Beer ,West Sussex
Kirkstall Brewery,West Yorkshire
Kissingate Brewery ,West Sussex
Lacons Brewery ,Norfolk
Langham Brewery ,West Sussex
Langton Brewery ,Leicestershire
Larkins Brewery ,Kent
Late Knights Brewery ,London
Leamside Brewery ,Durham
Ledbury Real Ales ,Herefordshire
Leeds Brewery,West Yorkshire
Left Bank Brewery ,London
Leighton Buzzard Brewing ,Bedfordshire
Lincoln Green Brewing Co ,Nottinghamshire
Little Beer Corporation (the) ,Surrey
Little Brew ,North Yorkshire
Liverpool Craft Beer ,Liverpool
Lizard Ales ,Cornwall
Loddon Brewery,Oxfordshire
London Beer Factory ,London
London Brewing ,London
Long Man Brewery ,East Sussex
Longdog Brewery ,Hampshire
Loose Cannon Brewery,Oxfordshire
Lovibonds Beer,Oxfordshire
Ludlow Brewing ,Shropshire
Mad Cat Brewery ,Kent
Magic Rock Brewing ,West Yorkshire
Magpie Brewery,Nottinghamshire
Maidstone Brewing Company,Kent
Maldon Brewing ,Essex
Malt the Brewery ,Buckinghamshire
Malvern Hills Brewery ,Worcestershire
Marble Brewery ,Manchester
Market Harborough Brewery ,Leicestershire
Marstons,Staffordshire
Mauldons Brewery ,Suffolk
Maxim Brewery ,Tyne & Wear
Maypole Brewery ,Nottinghamshire
McMullens Brewery,Hertfordshire
Meantime Brewing Co ,London
Mersea Island Brewery ,Essex
Mighty Oak Brewing Co ,Essex
Milestone Brewery ,Nottinghamshire
Milk Street Brewery ,Somerset
Millis Brewing Company ,Kent
Milton Brewery ,Cambridgeshire
Mobberley FIne Ales ,Cheshire
Moles Brewery ,Wiltshire
Molson Coors Brewers ,Staffordshire
Moncada Brewery ,London
Mondo Brewing ,London
Monkeychews Brewery ,London
Moonshine Brewery ,Cambridgeshire
Moor Beer Company,Somerset
Moorhouses Brewery ,Lancashire
Moorside Brewery ,North Yorkshire
Mordue Brewery,Tyne & Wear
Mr Grundys Brewery ,Derbyshire
Mulberry Duck Brewing Company ,Herefordshire
Muntons Brewery ,Suffolk
Musket Brewery ,Kent
Nailsworth Brewery ,Gloucestershire
Naked Beer Co ,West Sussex
Navigation Brewery,Nottinghamshire
Naylors Brewery ,West Yorkshire
Nelson Brewery ,Kent
Nene Valley Brewery ,Northamptonshire
Nethergate Brewery ,Essex
New Lion Brewery ,Devon
Newby Wyke Brewery ,Lincolnshire
Nobbys Brewery,Northamptonshire
Nook Brewhouse (the),West Yorkshire
North Yorkshire Brewery ,North Yorkshire
Northern FC Brewery,Tyne and Wear
Northern Monk Brew Co,Nottinghamshire
Northumberland Brewery ,Northumberland
Noss Beer Works,Devon
Oakham Ales ,Cambridgeshire
Oakleaf Brewery ,Hampshire
Odyssey Brewery ,Herefordshire
Old Cannon (the) Brewery,Suffolk
Old Dairy Brewery ,Kent
Old Forge (the) Brewery ,Kent
Old Mill Brewery ,East Yorkshire
Old Pie Factory ,Warwickshire
Oldershaw Brewery,Lincolnshire
One Mile End Brewery ,London
Orbit Beers ,London
Ossett Brewery ,West Yorkshire
Otter Brewery ,Devon
Oxted Brewery ,Surrey
Palmers Brewery ,Dorset
Paradigm Brewery ,Hertfordshire
Park Brewery ,London
Partizan Brewing ,London
Peak Ales,Derbyshire
Peerless Brewing Company ,Cheshire
Pennine Brewing ,Yorkshire
Penpont Brewery,Cornwall
Peoples Park Brewery ,London
Pheasantry Brewery ,Nottinghamshire
Phipps NBC,Northamptonshire
Phoenix Brewery ,Manchester
Pictish Brewery ,Lancashire
Pied Bull ,Cheshire
Pig  Porter ,Kent
Pilgrim Brewery ,Surrey
Plain Ales ,Wiltshire
Poachers Brewery ,Lincolnshire
Portobello Brewing Co ,London
Potbelly Brewery ,Northamptonshire
Potton Brewery,Bedfordshire
Prescott Ales ,Gloucestershire
Pressure Drop Brewing ,London
Prospect Brewery ,Manchester
Purity Brewing Company ,Warwickshire
Q Brewery ,Leicestershire
Quantock Brewery,Somerset
Quartz Brewing,Staffordshire
Ramsbury Brewery ,Wiltshire
Ramsgate Brewery ,Kent
Rat Brewery ,West Yorkshire
Raw Brewing Company (the),Derbyshire
RCH Brewery ,Somerset
Rebellion Beer Company ,Buckinghamshire
Red Cat Brewery ,Hampshire
Red Fox Brewery ,Essex
Red Shoot Brewery ,Hampshire
Red Squirrel Brewery,Hertfordshire
Red Willow Brewery,Cheshire
Redchurch Brewery ,London
Redemption Brewing ,London
Redwell Brewing,Norfolk
Revolutions Brewing,West Yorkshire
Richmond Brewing ,Yorkshire
Ridgeside Brewery ,West Yorkshire
Ringwood Brewery ,Hampshire
Ripple Steam Brewery ,Kent
Robinsons Brewery ,Cheshire
Rockin Robin Brewery ,Kent
Rockingham Brewing Company ,Northamptonshire
Romney Marsh Brewery ,Kent
Roosters Brewery ,North Yorkshire
Round Tower Brewery ,Essex
Rudgate Brewery ,North Yorkshire
Sadlers Ales ,West Midlands
Safron Brewery ,Essex
St Austell Brewery,Cornwall
St Georges Brewery ,Worcestershire
St Ives Brewery ,Cornwall
St Judes Brewery ,Suffolk
St. Peters Brewery,Suffolk
Salamander Brewing Co ,West Yorkshire
Salopian Brewery ,Shropshire
Saltaire Brewery ,West Yorkshire
Sambrooks Brewery ,London
Samuel Smith Brewery,North Yorkshire
Saxon City Ales,Herefordshire
Scarborough Brewery,North Yorkshire
Settle Brewery ,North Yorkshire
Seven Bro7hers Brewery ,Manchester
Severn Vale Brewing ,Gloucestershire
Shalford Brewery ,Essex
Sharps Brewery,Cornwall
Sheffield Brewery ,South Yorkshire
Shepherd Neame Brewery,Kent
Sherfield Village Brewery ,Hampshire
Shiny Brewing Company,Derbyshire
Shoes Brewery ,Herefordshire
Shotover Brewery,Oxfordshire
Silhill Brewery,West Midlands
Simply Hops ,Kent
Simpsons Fine Ales ,Herefordshire
Siren Craft Brew ,Hampshire
Skinners Brewery ,Cornwall
Slaters Ales ,Staffordshire
Slaughterhouse Brewery ,Warwickshire
Small World Beers,West Yorkshire
Solvay Society Brewery ,London
Sonnet 43 ,Durham
South Hams Brewery,Devon
Southport Brewery,Merseyside
Southwark Brewery ,London
Sperrin Brewery ,Warwickshire
Spinning Dog Brewery ,Hertfordshire
Spire Brewery ,Derbyshire
Spitting Feathers Brewery ,Cheshire
Springhead Fine Ales,Nottinghamshire
Stables Brewery ,Durham
Stancill Brewery ,South Yorkshire
Stanway Brewery ,Gloucestershire
Steel City Brewing ,South Yorkshire
Stonehenge Ales ,Wiltshire
Stonehouse Brewery,Shropshire
Stringers Beer,Cumbria
Storm Brewing ,Cheshire
Strawman Brewery ,London
Stroud Brewery ,Gloucestershire
Summerskills Brewery ,Devon
Sunbeam Ales,West Yorkshire
Sunny Republic ,Dorset
Surrey Hills Brewery ,Surrey
Swan On The Green (The) Microbrewery ,Kent
Tap East Brewery ,London
Tatton Brewery ,Cheshire
Tavy Ales,Devon
Teme Valley Brewery ,Worcestershire
Tetleys Brewery,West Yorkshire
Thames Side Brewery ,Surrey
The Botley Brewery ,Hampshire
Theakstons ,North Yorkshire
Thirst Class Ale,Stockport
Thornbridge Brewery,Derbyshire
Three Bs ,Lancashire
Three Castles Brewery ,Wiltshire
Three Daggers Brewery,Wiltshire
Three Kings Brewery ,Tyne & Wear
Three Sods Brewery ,London
Three Tuns Brewery ,Shropshire
Thurstons Horsell Brewing Company ,Surrey
Thwaites Brewery ,Lancashire
Tillingbourne Brewery ,Surrey
Time  Tide ,Kent
Timothy Taylors ,West Yorkshire
Tintagel Brewery,Cornwall
Tirril Brewery,Cumbria
Titanic Brewery,Staffordshire
Tonbridge Brewery ,Kent
Toolmakers Brewery ,South Yorkshire
Track Brewing ,Manchester
Treboom Brewery ,Yorkshire
Tring Brewery ,Hertfordshire
Triple fff Brewery ,Hampshire
Trumans Brewery ,London
Tunnel Brewery ,Warwickshire
Turpins Brewery,Cambridge
Twickenham Brewery ,Middlesex
Twisted Brewing Co ,Wiltshire
Two Cocks Brewery ,Berkshire
Two Fingers Brewing Co.,London
Two Towers Brewery ,Birmingham
Tyne Bank Brewery ,Tyne & Wear
Uffa Brewery ,Suffolk
Uley Brewery ,Gloucestershire
Ulverston Brewing Company ,Cumbria
Upham Brewery ,Hampshire
Vale Brewery ,Buckinghamshire
Verulam Brewery ,Hertfordshire
VIP Brewery ,Northumberland
Vocation Brewery,West Yorkshire
Wadworth Brewery,Wiltshire
Wantsum Brewery ,Kent
Warwickshire Beer Company ,Warwickshire
Watermill Inn  Brewing Co (the) ,Cumbria
WeardAle Brewery ,Durham
Weatheroak Brewery ,West Midlands
Weetwood Brewery ,Cheshire
Weird Beard Brew ,London
Welbeck Abbey Brewery ,South Yorkshire
Weltons Brewery ,Surrey
Wem Brewing Company,Shropshire
Wensleydale Brewery ,North Yorkshire
Wentworth Brewery ,South Yorkshire
West Berkshire Brewery ,Berkshire
West End Brewery ,Leicestershire
Westerham Brewery Company ,Kent
Wharfe Bank Brewery,West Yorkshire
White Horse Brewery,Oxfordshire
Whitstable Brewery,Kent
Wibblers Brewery ,Essex
Wickwar Brewing Company ,Gloucestershire
Wild Beer Co (the) ,Gloucestershire
Wild Card Brewery ,London
Wild Weather Ales ,Hampshire
Willy Good Ale ,Wiltshire
Wimbledon Brewery ,London
Wincle Beer ,Cheshire
Windsor  Eton Brewery ,Berkshire
Wobbly Brewing Company ,Herefordshire
Wold Top Brewery ,East Yorkshire
Wolf Brewery ,Norfolk
Wood Brewery ,Shropshire
Wood Farm Brewery ,Warwickshire
Wooden Hand Brewery ,Cornwall
Woodfordes Brewery ,Norfolk
Woodlands Brewing Co ,Cheshire
Wreckin Brewing Co ,Shropshire
Wychwood Brewery,Oxfordshire
Wye Valley Brewery,Herefordshire
Wylam Brewery,Northumberland
Xtreme Ales ,Cambridgeshire
Yard of Ale Brewing ,Durham
Yeovil Ales,Somerset
York Brewery ,North Yorkshire
Yorkshire Dales Brewery ,North Yorkshire
Yorkshire Heart,North Yorkshire
Zero Degrees ,London